{
  "2025-04-18": {
    "passcode": "pinkrose19",
    "text": "Day 1 🌹 If you're seeing this, it means I've already left — not in anger, but in silence. There are things I couldn't say face-to-face. So, each day, this little bot will carry my heart to you — one message at a time. Just read them when you're ready. They're pieces of my soul, wrapped in gentle words.",
    "quote": "“Try not to resist the changes that come your way. Instead, let life live through you.” – Rumi",
    "media_type": "image",
    "media_url": "https://i.pinimg.com/originals/d9/e2/04/d9e2043bc63d61b88cc66c41ff2c9b6e.jpg",
    "voice_note": "https://youtu.be/MIEh4XOvLYQ?si=py7C8fCm7GPdyZkr",
    "scheduled_time": "09:00"
  },
  "2025-04-19": {
    "passcode": "pinkrose19",
    "text": "Day 2 🌹 I 've passed through nights darker than my thoughts, and days heavier than silence. I don’t blame anyone — only myself. That final night of Ramadan… it broke something in me — but that’s how I found Allah. And somehow, even in pain, I thank you. You showed me my weakness — and that weakness led me to Him. Every place I go whispers your name. I tried to move on… but I couldn’t forget you. Sometimes we step away not to escape, but to transform. If I fall quiet — know it’s not distance. It’s what is. Take care of yourself. You’ll still hear from me. A message a day — from a place deeper than words. Ask Teyba for the passcode when you’re ready.",
    "quote": "“Sometimes we step away not to escape… but to transform.”",
    "media_type": "image",
    "media_url": "https://encrypted-tbn0.gstatic.com/images?q=tbn:ANd9GcTc9APxkj0xClmrU3PpMZglHQkx446nQPG6lA&s",
    "voice_note": "https://youtu.be/MIEh4XOvLYQ?si=py7C8fCm7GPdyZkr"
  },
  "2025-04-20": {
    "passcode": "pinkrose20",
    "text": "Day 3 🌼 Just a reminder: You're my favorite person.",
    "quote": "“You are my today and all of my tomorrows.” – Leo Christopher",
    "media_type": "none",
    "voice_note": "https://example.com/voice-note-2.mp3"
  },
  "2025-04-21": {
    "passcode": "pinkrose21",
    "text": "Day 4🌸 You're the reason I smile every day.",
    "quote": "“Love is composed of a single soul inhabiting two bodies.” – Aristotle",
    "media_type": "image",
    "media_url": "https://encrypted-tbn0.gstatic.com/images?q=tbn:ANd9GcTc9APxkj0xClmrU3PpMZglHQkx446nQPG6lA&s",
    "voice_note": "https://youtu.be/MIEh4XOvLYQ"
  }
}
